{
  "loss": [
    3.050432722101398,
    2.232174427772238,
    1.4658903846134395,
    0.9790857773696575,
    0.6697096549350823,
    0.5086646805814892,
    0.3726968484136441,
    0.2930517793519691,
    0.2321314489629185,
    0.19661146970564192,
    0.17851185364358133,
    0.14447254602447324,
    0.12918346587844012,
    0.12049435737283995,
    0.10281835454038628,
    0.08424520164969142,
    0.08853917433385894,
    0.07156279774037999,
    0.05992472554748356,
    0.05285624723416168,
    0.054179870786550885,
    0.058159523096188596,
    0.04417125302206763,
    0.039499598173328244,
    0.031281683204810125,
    0.03421872966458175,
    0.03960356252911188,
    0.032615000617570264,
    0.03091202673679007,
    0.02326817548828098,
    0.020732321859120276,
    0.0169131688897681,
    0.015791194559721344,
    0.015089056788277627,
    0.015563846425495432,
    0.018506371291878352,
    0.025485035493724075,
    0.028746327280149767,
    0.016887893415150203,
    0.04906423287496246,
    0.03336061454436446,
    0.02955794396849113,
    0.013160245757529972,
    0.010661366931679904,
    0.009425726151917228,
    0.008467016684062335
  ],
  "val_accuracy": [
    0.3649851632047478,
    0.5281899109792285,
    0.6350148367952523,
    0.7418397626112759,
    0.8338278931750742,
    0.8783382789317508,
    0.8991097922848664,
    0.9109792284866469,
    0.9376854599406528,
    0.913946587537092,
    0.9258160237388724,
    0.9228486646884273,
    0.9287833827893175,
    0.9436201780415431,
    0.9347181008902077,
    0.9406528189910979,
    0.9406528189910979,
    0.9436201780415431,
    0.9436201780415431,
    0.9495548961424333,
    0.9495548961424333,
    0.9376854599406528,
    0.9406528189910979,
    0.9495548961424333,
    0.9495548961424333,
    0.9436201780415431,
    0.9525222551928784,
    0.9495548961424333,
    0.9584569732937686,
    0.9614243323442137,
    0.9495548961424333,
    0.9584569732937686,
    0.9525222551928784,
    0.9554896142433235,
    0.9584569732937686,
    0.9554896142433235,
    0.9584569732937686,
    0.9525222551928784,
    0.9495548961424333,
    0.9495548961424333,
    0.9554896142433235,
    0.9584569732937686,
    0.9614243323442137,
    0.9614243323442137,
    0.9554896142433235,
    0.9614243323442137
  ]
}